url,titre,entreprise,date,lieu,competences,description_nettoyee,tokens
https://www.emploi.ma/offre-emploi-maroc/ingenieur-systeme-zos-middleware-hf-8251976,Ingénieur Système Z/OS Middleware (H/F),AFRICASHORE,2026-04-13,Agadir - Béni Mellal-Khénifra - Casablanca-Mohammedia - Dakhla - Errachidia - Fès - Guelmim - Laâyoune - Marrakech-Safi - Meknès - Oujda - Rabat-Salé-Kénitra - Settat - Tanger-Tétouan-Al Hoceïma - International,"NETVIEW, JAVA, ASSEMBLEUR, TWS, LDAP, VTAM, COBOL, TCP IP","Nous recherchons des profils CV deIngénieur Système ZOS Middleware HFpour les transmettre à nos clients dans le cadre de leurs futures campagnes de recrutement.Mission :Ingénieur système ZOS expérimenté, être capable d'installer, de paramétrer, d'activer et d'exécuter tant l'investigation et la résolution des problèmes des produits habituellement utilisés dans un environnement zOS.Equipe en charge de la gestion d'un environnement mainframe HW SW incluant la sécurité associée RACF, le stockage DASD, Tape, BR, DRP, la conformité, la métrologie, la performance, l'automatisation, les aspects réseaux.",rechercher;profil;cv;deingénieur;système;zos;middleware;hfpour;transmettre;client;cadre;future;campagne;recrutement;mission;ingénieur;systèm;zo;expérimenté;capable;installer;paramétrer;activer;exécuter;investigation;résolution;problème;produit;habituellement;utiliser;environnement;charge;gestion;environnement;mainfram;hw;sw;inclure;sécurité;associer;racf;stockage;dasd;tape;br;drp;conformité;métrologie;performance;automatisation;aspect;réseal
https://www.emploi.ma/offre-emploi-maroc/network-architect-mf-8251973,Network Architect (M/F),AFRICASHORE,2026-04-13,Agadir - Béni Mellal-Khénifra - Casablanca-Mohammedia - Dakhla - Errachidia - Fès - Guelmim - Laâyoune - Marrakech-Safi - Meknès - Oujda - Rabat-Salé-Kénitra - Settat - Tanger-Tétouan-Al Hoceïma - International,"DNS, SNMP, MPLS, PYTHON, JUNIPER, BGP, CVS, WAN, DHCP, ETHERNET, CISCO, TCP IP","We are looking forNetwork Architectprofiles CVs to share with our clients for their future recruitment campaigns.Mission:Deliver Core Backbone Network Designs in alignment with industry best practices.Deliver Customer Network Designs in alignment with industry best practices.Support and Alignment with Internal Teams.Contributor to Automation Stakeholders to deliver speed and accuracy for the enablement of new services.Perform Core Network Changes.Manage technical Network solutions and framework of 247 Network infrastructure.Perform Network troubleshooting to isolate and diagnose common Network problems.Upgrade Network hardware and software components as required.Perform Network planning, modeling, and analysis.Design, implement and manage security countermeasures when Network vulnerabilities arise.Develop and deliver professional proposals and design documentation for newold program ramp-up or ramp-down.Testing the performance of upgraded or newly installed systems for performance, scalability, and security.Research, plan, evaluate and recommend Network architecture technology solutions across Data Center, Wide Area and Corporate Network.Perform hands on development work with Terraform, Terragrunt, env0, Python, Ansible, and other development frameworks as applied to Network Automation.Assess technology trends and articulate technology recommendations for Data Center and Wide Area Networking technologies, Network design, and implementation.",we;are;looking;fornetwork;architectprofiles;cvs;to;share;with;our;client;for;their;future;recruitment;campaign;mission;deliver;core;backbone;network;designs;in;alignmer;with;industry;best;practice;deliver;customer;network;designs;in;alignmer;with;industry;best;practice;support;and;alignmer;with;internal;teams;contributor;to;automation;stakeholders;to;deliver;speed;and;accuracy;for;the;enablemer;of;new;service;perform;core;network;changes;manage;technical;network;solution;and;framework;of;network;infrastructure;perform;network;troubleshooting;to;isolate;and;diagnose;common;network;problem;upgrade;network;hardware;and;software;component;required;perform;network;planning;modeling;and;analysis;design;implement;and;manage;security;countermeasure;when;network;vulnerabilitie;aris;develop;and;deliver;professional;proposals;and;design;documentation;for;newold;program;ramp;up;ramp;down;testing;the;performance;of;upgraded;newly;installed;system;for;performance;scalability;and;security;research;plan;evaluate;and;recommend;network;architecture;technology;solution;acros;data;center;wide;area;and;corporate;network;perform;hand;developmer;work;with;terraform;terragrunt;python;ansible;and;other;development;framework;applied;to;network;automation;asses;technology;trends;and;articulate;technology;recommendation;for;data;center;and;wide;area;networking;technologie;network;design;and;implementation
https://www.emploi.ma/offre-emploi-maroc/genesys-architect-mf-8251972,GENESYS Architect (M/F),AFRICASHORE,2026-04-13,Agadir - Béni Mellal-Khénifra - Casablanca-Mohammedia - Dakhla - Errachidia - Fès - Guelmim - Laâyoune - Marrakech-Safi - Meknès - Oujda - Rabat-Salé-Kénitra - Settat - Tanger-Tétouan-Al Hoceïma - International,"JAVA, JAVASCRIPT, CVS, PAAS, VMWARE, GENESYS, POWERSHELL, PYTHON, BASH","We are looking forGENESYS Architectprofiles CVs to share with our clients for their future recruitment campaigns.Mission:Deep and relevant expertise on Genesis Cloud services, along with contact center industry experience.Be the direct point of technical contact to provide high-quality consultancy for Genesys solutions to customers.Develop and maintain integration and Cloud solutions.Knowledge and experience on Cloud computing models IaaS, PaaS, and SaaS.Experience with software development and one or more development or scripting languages e.g. Java. Golang, Python, JavaScript, TypeScript, Bash, PowerShell.Self-starter with deep hands-on work experience with production implementations on public Cloudproviders within large enterprises.Design, create andor troubleshoot and support Genesys products.Develop, maintain, implement and support complex Contact Centre solutions involving web services.Contribute to the solution architectural design, amongst other disaster recovery and high availability.Automation of deployment and migration tasks.",we;are;looking;forgenesy;architectprofiles;cvs;to;share;with;our;client;for;their;future;recruitment;campaign;mission;deep;and;relever;expertis;genesis;cloud;service;along;with;contact;center;industry;experience;be;the;direct;point;of;technical;contact;to;provid;high;quality;consultancy;for;genesys;solution;to;customer;develop;and;maintain;integration;and;cloud;solution;knowledge;and;experience;cloud;computing;model;iaas;paas;and;with;software;developmer;and;one;more;developmer;scripting;language;java;golang;python;javascript;typescript;bash;powershell;self;starter;with;deep;hand;work;experience;with;production;implementation;public;cloudproviders;within;large;enterpriser;design;create;andor;troubleshoot;and;support;genesys;product;develop;maintain;implement;and;support;complex;contact;centre;solution;involving;web;service;contribute;to;the;solution;architectural;design;amongst;other;disaster;recovery;and;high;availability;automation;of;deploymer;and;migration;task
https://www.emploi.ma/offre-emploi-maroc/azure-solutions-architect-mf-8251962,AZURE Solutions Architect (M/F),AFRICASHORE,2026-04-13,Agadir - Béni Mellal-Khénifra - Casablanca-Mohammedia - Dakhla - Errachidia - Fès - Guelmim - Laâyoune - Marrakech-Safi - Meknès - Oujda - Rabat-Salé-Kénitra - Settat - Tanger-Tétouan-Al Hoceïma - International,"PAAS, AGILE, ACCESS, CVS, SQL, ARM, AZURE, COSMOS, REDIS, SHELL","We are looking forAZURE Solutions Architectprofiles CVs to share with our clients for their future recruitment campaigns.Mission:Serve as in-house technical expert providing technical guidance on new features functionalities, drive the deployment of the customers workloads into Azure and provide deployment guidance.Deliver Cloud platform architecture documents detailing the vision for how Azure infrastructure and platform services support the overall application architecture.Proven background in the design and implementation of large scale, global, complex custom application development systems e.g., high transaction volumes.Experience problem solving issues on globally distributed systems and critical product service environments.Create solutions that support a DevOps approach for delivery and operations of services.Drive the deployment of customers workloads into Azure and provide deployment guidance.Creation of standard templates for faster implementation migration.Capable of technical deep dives into infrastructure, databases, and applications as needed, yet cognitively agile enough to have strategy discussions with leadership.",we;are;looking;forazure;solution;architectprofiles;cvs;to;share;with;our;client;for;their;future;recruitment;campaign;mission;serve;in;hous;technical;expert;providing;technical;guidanc;new;feature;functionalitie;driv;the;deploymer;of;the;customer;workload;into;azure;and;provid;deployment;guidanc;deliver;cloud;platform;architecture;document;detailing;the;vision;for;how;azure;infrastructur;and;platform;service;support;the;overall;application;architectur;proven;background;in;the;design;and;implementation;of;large;scal;global;complex;custom;application;developmer;system;high;transaction;volume;experience;problem;solving;issu;globally;distributed;system;and;critical;product;service;environment;create;solution;that;support;devops;approach;for;delivery;and;operatier;of;service;drive;the;deploymer;of;customer;workload;into;azure;and;provid;deployment;guidanc;creation;of;standard;template;for;faster;implementation;migration;capable;of;technical;deep;dive;into;infrastructur;database;and;application;needed;yet;cognitively;agile;enough;to;have;strategy;discussion;with;leadership
https://www.emploi.ma/offre-emploi-maroc/cloud-microservices-architect-mf-8251966,Cloud Microservices Architect (M/F),AFRICASHORE,2026-04-13,Agadir - Béni Mellal-Khénifra - Casablanca-Mohammedia - Dakhla - Errachidia - Fès - Guelmim - Laâyoune - Marrakech-Safi - Meknès - Oujda - Rabat-Salé-Kénitra - Settat - Tanger-Tétouan-Al Hoceïma - International,"CVS, AGILE, AZURE, DOCKER, ACCESS","We are looking forCloud Microservices Architectprofiles CVs to share with our clients for their future recruitment campaigns.Mission:Design, build, and maintain Cloud environments focusing on uptime, access, control, and Network security using automation and configuration management tools.Guide the definition of best practices in collaboration with other areas of engineering group.Research and provide guidance on adoption of new technologies.Provide guidance to Product Managers on feasibility pf product requests.You will be creating, recreating, rewriting and refactor applications.You will be working on Cloud-based application development.Ensure all architecture work aligns with the strategic direction of the business.Provide architecture support throughout the lifecycle of projects.Contribute to core software releases by following agile development process.Promote the adoption of engineering best practices, such as SOLID principlesTest Driven Development.",we;are;looking;forcloud;microservice;architectprofile;cvs;to;share;with;our;client;for;their;future;recruitment;campaign;mission;design;build;and;maintain;cloud;environment;focusing;uptim;acces;control;and;network;security;using;automation;and;configuration;management;tool;guide;the;definition;of;best;practice;in;collaboration;with;other;area;of;engineering;group;research;and;provide;guidance;adoption;of;new;technologie;provide;guidance;to;product;managers;feasibility;pf;product;requests;you;will;be;creating;recreating;rewriting;and;refactor;application;you;will;be;working;cloud;based;application;developmer;ensure;all;architecture;work;align;with;the;strategic;direction;of;the;business;provide;architecture;support;throughout;the;lifecycle;of;project;contribute;to;core;software;release;by;following;agile;developmer;proces;promote;the;adoption;of;engineering;best;practice;such;solid;principlestest;driven;development
https://www.emploi.ma/offre-emploi-maroc/cyber-security-engineer-mf-8251969,Cyber Security Engineer (M/F),AFRICASHORE,2026-04-13,Agadir - Béni Mellal-Khénifra - Casablanca-Mohammedia - Dakhla - Errachidia - Fès - Guelmim - Laâyoune - Marrakech-Safi - Meknès - Oujda - Rabat-Salé-Kénitra - Settat - Tanger-Tétouan-Al Hoceïma - International,"IDEAL, JAVASCRIPT, CVS, ENDPOINT, VM, PYTHON","We are looking forCyber Security Engineerprofiles CVs to share with our clients for their future recruitment campaigns.Mission:Act as an internal subject matter expert with respect to CVA scanning and reporting. Assist in maintenance of the enterprise to VMLC Vulnerability Management Life Cycle policy and associated VM standard.Conduct required tasks for the vulnerability scanning program and publish reported vulnerabilities to impacted teams for remediation.Triage and risk rank vulnerabilities according to severity and exposure. Work with Product and IT teams to risk rank and patch vulnerabilities related to the technology stack. Develop remediation plans for vulnerabilities.Maintenance of an executive level dashboard and actionable metrics that reflect the current enterprise security posture.Scan and report on the appropriate configuration standards, to ensure baselines are being met and compliance drift is managed.Initiate improvement activity to reduce risk, ensure compliance, lower cost, and improve quality within IT processes.Conductsupport periodic risk assessments and develop appropriate mitigation plans in support of deliverables.Continuous review of configuration management and vulnerability management posture inside the company and knowledge of all external developments that could impact the CVA posture, including vendor patches, zero-day exploits, end-of-life systems or deprecated services.The ideal Endpoint Security Ops Engineer will be adept in learning new security capabilities, adaptable, take initiative, and be a team player.",we;are;looking;forcyber;security;engineerprofiles;cv;to;share;with;our;client;for;their;future;recruitment;campaign;mission;act;an;internal;subject;matter;expert;with;respect;to;cva;scanning;and;reporting;assist;in;maintenance;of;the;enterprise;to;vmlc;vulnerability;managemer;life;cycle;policy;and;associated;vm;standard;conduct;required;tasks;for;the;vulnerability;scanning;program;and;publish;reported;vulnerabilitie;to;impacted;team;for;remediation;triage;and;risk;rank;vulnerabilitie;according;to;severity;and;exposure;work;with;product;and;it;team;to;risk;rank;and;patch;vulnerabilitie;related;to;the;technology;stack;develop;remediation;plan;for;vulnerabilitie;maintenance;of;an;executiv;level;dashboard;and;actionabl;metric;that;reflect;the;currer;enterpris;security;postur;scan;and;report;the;appropriat;configuration;standard;to;ensure;baseline;are;being;mettre;and;compliance;drift;is;managed;initiate;improvement;activity;to;reduc;risk;ensure;complianc;lower;cost;and;improve;quality;within;it;processe;conductsupport;periodic;risk;assessment;and;develop;appropriat;mitigation;plan;in;support;of;deliverable;continuous;review;of;configuration;management;and;vulnerability;management;postur;insid;the;company;and;knowledge;of;all;external;development;that;could;impact;the;cva;postur;including;vendor;patch;zero;day;exploit;end;of;life;system;deprecated;service;the;ideal;endpoint;security;ops;engineer;will;b;adept;in;learning;new;security;capabilitier;adaptable;take;initiativ;and;be;team;player
https://www.emploi.ma/offre-emploi-maroc/consultant-sap-abap-hf-8338269,Consultant SAP ABAP (H/F),AFRICASHORE,2026-04-13,Agadir - Béni Mellal-Khénifra - Casablanca-Mohammedia - Dakhla - Errachidia - Fès - Guelmim - Laâyoune - Marrakech-Safi - Meknès - Oujda - Rabat-Salé-Kénitra - Settat - Tanger-Tétouan-Al Hoceïma - International,"SAP, ABAP","Nous recherchons unConsultant SAP ABAP HFpour notre client, une société multinationale dans le domaine des services informatiques.Mission :Assurer la liaison avec les équipes de livraison pour aider à développer l'activité autour des caractéristiques techniques à venir, conformément à la stratégie et aux objectifs de l'organisation.Participation aux phases de conception et réalisation des développements.Mentorat des membres juniors de l'équipe ABAP ou de l'équipe technique au sein de l'organisation. Vous êtes en charge de la construction d'actifs et d'accélérateurs dans SAP ABAP et d'autres domaines techniques de niche.Développement en langage ABAP et ABAP Objet, UI5, FIORI Construire des actifs et des accélérateurs pour réduire le coût global du service.Réalisation des analyses techniques des demandes clients.Rédaction de la documentation technique et des notices dutilisation.Tests unitaires.Animation des formations utilisateurs.Préparation au démarrage et support post démarrage.Maintenance corrective et évolutive.",rechercher;unconsulter;sap;abap;hfpour;client;société;multinational;domaine;service;informatique;mission;assurer;liaison;équipe;livraison;aider;développer;activité;autour;caractéristique;technique;venir;conformément;stratégie;objectif;organisation;participation;phase;conception;réalisation;développement;mentorat;membre;junior;équipe;abap;équipe;technique;sein;organisation;être;charge;construction;actif;accélérateur;sap;abap;domaine;technique;niche;développement;langage;abap;abap;objet;fiori;construire;actif;accélérateur;réduire;coût;global;service;réalisation;analyse;technique;demande;client;rédaction;documentation;technique;notice;dutilisation;test;unitaire;animation;formation;utilisateur;préparation;démarrage;support;post;démarrage;maintenance;correctif;évolutif
https://www.emploi.ma/offre-emploi-maroc/consultant-sap-ehs-hf-8338271,Consultant SAP EHS (H/F),AFRICASHORE,2026-04-13,Agadir - Béni Mellal-Khénifra - Casablanca-Mohammedia - Dakhla - Errachidia - Fès - Guelmim - Laâyoune - Marrakech-Safi - Meknès - Oujda - Rabat-Salé-Kénitra - Settat - Tanger-Tétouan-Al Hoceïma - International,"REACH, SAP","Nous recherchons unConsultant SAP EHS HFpour notre client, une société multinationale dans le domaine des services informatiques.Mission :Définir le champ d'application et les priorités opérationnelles pour les changements à petite échelle et peut participer à des exercices de définition du champ d'application à plus grande échelle.Spécifier et documenter les exigences opérationnelles selon les instructions, en assurant la traçabilité jusqu'à la source. Les analysées pour s'assurer qu'elles correspondent aux objectifs de l'entreprise et qu'elles sont cohérentes, en les remettant en question de manière positive le cas échéant.Collaborer avec les parties prenantes pour hiérarchiser les exigences.Participer à l'analyse des objectifs des parties prenantes et des questions sous-jacentes découlant des enquêtes sur les exigences commerciales et les problèmes, et identifie les options à prendre en considération.Travailler de manière itérative avec les parties prenantes afin d'identifier les avantages potentiels et les options disponibles à prendre en considération, ainsi que pour définir les tests d'acceptation.Bonne compréhension du cycle de vie du projet et de toutes ses phases.Examiner les plans de projet et à y contribuer en termes de compréhension des dépendances et d'évaluation précise de l'effort pour ses propres contributions ou pour le suivi dont il fait partie.Suivre et à signaler l'état d'avancement du projet ou de la tâche, les risques et les problèmes.Participer activement à la préparation, à la conception, à la réalisation et à la mise en service des projets de mise en œuvre des clients.Démontrer la capacité de planifier, d'animer et de gérer des ateliers de travail ou des réunions avec des clients internes et externes.Faciliter les réunions de projet, les ateliers, le transfert de savoir-faire et la documentation.",rechercher;unconsulter;sap;ehs;hfpour;client;société;multinational;domaine;service;informatique;mission;définir;champ;application;priorité;opérationnel;changement;petit;échelle;participer;exercice;définition;champ;application;grand;échelle;spécifier;documenter;exigence;opérationnel;instruction;assurer;traçabilité;source;analyser;assurer;correspondre;objectif;entreprise;cohérenter;remettre;question;manière;positif;cas;échéant;collaborer;party;prenant;hiérarchiser;exigence;participer;analyse;objectif;party;prenant;question;découler;enquête;exigence;commercial;problème;identifier;option;prendre;considération;travailler;manière;itératif;party;prenanter;identifier;avantage;potentiel;option;disponible;prendre;considération;définir;test;acceptation;bon;compréhension;cycle;vie;projet;phase;examiner;plan;projet;contribuer;terme;compréhension;dépendance;évaluation;préciser;effort;propre;contribution;suivi;partie;signaler;état;avancement;projet;tâche;risque;problème;participer;activemer;préparation;conception;réalisation;mise;service;projet;mise;œuvre;client;démontrer;capacité;planifier;animer;gérer;atelier;travail;réunion;client;interne;externe;faciliter;réunion;projet;atelier;transfert;savoir;faire;documentation
https://www.emploi.ma/offre-emploi-maroc/cloud-architect-mf-8251963,Cloud Architect (M/F),AFRICASHORE,2026-04-13,Agadir - Béni Mellal-Khénifra - Casablanca-Mohammedia - Dakhla - Errachidia - Fès - Guelmim - Laâyoune - Marrakech-Safi - Meknès - Oujda - Rabat-Salé-Kénitra - Settat - Tanger-Tétouan-Al Hoceïma - International,"PAAS, VM, AGILE, CVS, SQL, C#, ARM, AZURE, COSMOS, API, NOSQL, LESS","We are looking forCloud Architectprofiles CVs to share with our clients for their future recruitment campaigns.Mission:Lead analysis, recommendations, and presentation of approaches on Cloud migration roadmaps, architecture designs etc.Involve in conducting Azure readiness assessments and evaluations and delivery of assessment reports, architecturedesign deployment documents presentations.Architecting Cloud solutions for new applications.Design Cloud architectures, environments, and solutions that meet the business requirements with an emphasis on meeting the overall business goals.Design highly available, scalable and secure solutions using industry best practices.Design and develop automation to support continuous delivery and continuous integration process.Strong understanding of Azure Database technologies both IaaS and PaaS and options to support the migration process.Drive the adoption of best practices around coding, design, quality and performance.Support the development team in building solutions and quick fixes.Analyse and resolve configuration issues in development, test, and production environments.Build effective monitoring, logging and auditing of applications hosted in Azure to ensure compliancy with mandated policies.",we;are;looking;forcloud;architectprofiles;cvs;to;share;with;our;client;for;their;future;recruitment;campaign;mission;lead;analysis;recommendation;and;presentation;of;approaches;cloud;migration;roadmap;architecture;design;involve;in;conducting;azure;readiness;assessment;and;evaluations;and;delivery;of;assessment;report;architecturedesign;deployment;document;presentation;architecting;cloud;solution;for;new;application;design;cloud;architecture;environment;and;solution;that;meet;the;business;requirement;with;an;emphasis;meeting;the;overall;business;goal;design;highly;availabl;scalabl;and;secure;solution;using;industry;best;practice;design;and;develop;automation;to;support;continuou;delivery;and;continuous;integration;proces;strong;understanding;of;azure;database;technologie;both;iaas;and;paas;and;option;to;support;the;migration;proces;driv;the;adoption;of;best;practice;around;coding;design;quality;and;performanc;support;the;developmer;team;in;building;solution;and;quick;fixe;analyse;and;resolv;configuration;issu;in;developmer;test;and;production;environment;build;effectif;monitoring;logging;and;auditing;of;application;hosted;in;azure;to;ensure;compliancy;with;mandated;policie
https://www.emploi.ma/offre-emploi-maroc/cloud-computing-virtualization-engineer-mf-8251964,Cloud Computing and Virtualization Engineer (M/F),AFRICASHORE,2026-04-13,Agadir - Béni Mellal-Khénifra - Casablanca-Mohammedia - Dakhla - Errachidia - Fès - Guelmim - Laâyoune - Marrakech-Safi - Meknès - Oujda - Rabat-Salé-Kénitra - Settat - Tanger-Tétouan-Al Hoceïma - International,"CVS, AZURE, DOCKER, LINUX","We are looking forCloud Computing and Virtualization Engineerprofiles CVs to share with our clients for their future recruitment campaigns.Mission:Must be able to work independently and take ownership.Work proactively and should be result oriented.Discuss with customer to understand the project requirement and suggest industry level Cloud solutions.Design and develop best fit Cloud solutions architecture, Network architecture and evaluate architectural alternatives.Provide technical support for Cloud architecture design, deployment and maintenance.Design secure, scalable and HA DR strategies on Cloud technologies.Analyse and resolve infrastructure vulnerabilities and application deployment issues.Perform infrastructure cost analysis and optimization.Troubleshoot problems across a wide array of AWSAZURE services.",we;are;looking;forcloud;computing;and;virtualization;engineerprofiles;cv;to;share;with;our;client;for;their;future;recruitment;campaign;mission;must;be;abl;to;work;independently;and;take;ownership;work;proactively;and;should;be;result;oriented;discus;with;customer;to;understand;the;project;requiremer;and;suggest;industry;level;cloud;solution;design;and;develop;best;faire;cloud;solution;architectur;network;architecture;and;evaluat;architectural;alternatif;provide;technical;support;for;cloud;architecture;design;deployment;and;maintenance;design;secur;scalabl;and;dr;strategie;cloud;technologie;analyse;and;resolve;infrastructur;vulnerabilitie;and;application;deployment;issu;perform;infrastructure;cost;analysis;and;optimization;troubleshoot;problem;acros;wide;array;of;awsazur;service
https://www.emploi.ma/offre-emploi-maroc/ruby-on-rails-developer-mf-8251955,RUBY ON RAILS Developer (M/F),AFRICASHORE,2026-04-13,Agadir - Béni Mellal-Khénifra - Casablanca-Mohammedia - Dakhla - Errachidia - Fès - Guelmim - Laâyoune - Marrakech-Safi - Meknès - Oujda - Rabat-Salé-Kénitra - Settat - Tanger-Tétouan-Al Hoceïma - International,"HTML, JAVASCRIPT, CVS, JIRA, MONGODB, JQUERY, RUBY ON RAILS, AGILE, POSTGRESQL, CSS, MYSQL, GIT, DOCKER","We are looking forRUBY ON RAILS Developerprofiles CVs to pass on to our clients for their future recruitment campaigns.Mission:Providing enhancements to the application platform with specific emphasis on sound fundamental development methodology in Ruby on Rails.Design and develop responsive, high performing web applications using modern techniques and frameworks as well as write tests and perform code reviews in a dynamic, fast paced agile environment.Maintain responsibility for analysis of Incident Tickets Resolution, supply to Continual Service Improvement Programs.Writte and maintain reliable Ruby code.Integrating user-facing elements designed by the front-end team.Connecting applications with additional web servers.Maintaining APIs.Estimate development tasks and meet deadline.Collaborate with engineering, QA, and product design team members.Scale our applications as our user base grows.",we;are;looking;forruby;rail;developerprofiles;cvs;to;to;our;client;for;their;future;recruitment;campaign;mission;providing;enhancements;to;the;application;platform;with;specific;emphasi;sound;fundamental;developmer;methodology;in;ruby;rails;design;and;develop;responsiv;high;performing;web;application;using;modern;technique;and;frameworks;well;write;test;and;perform;code;reviews;in;dynamic;fast;paced;agile;environment;maintain;responsibility;for;analysi;of;incident;tickets;resolution;supply;to;continual;service;improvement;program;writte;and;maintain;reliable;ruby;code;integrating;user;facing;element;designed;by;the;front;end;team;connecting;application;with;additional;web;server;maintaining;apis;estimate;developmer;task;and;meet;deadlin;collaborate;with;engineering;qa;and;product;design;team;member;scale;our;application;our;user;base;grows
https://www.emploi.ma/offre-emploi-maroc/cloud-system-administrator-mf-8251967,Cloud System Administrator (M/F),AFRICASHORE,2026-04-13,Agadir - Béni Mellal-Khénifra - Casablanca-Mohammedia - Dakhla - Errachidia - Fès - Guelmim - Laâyoune - Marrakech-Safi - Meknès - Oujda - Rabat-Salé-Kénitra - Settat - Tanger-Tétouan-Al Hoceïma - International,"CVS, WAN, PREMISE, CENTOS, AZURE, REDHAT, DOCKER, VPN, PERL, LINUX, PYTHON","We are looking forCloud System Administratorprofiles CVs to share with our clients for their future recruitment campaigns.Mission:Installing, configuring and maintain softwares, servers on premise Cloud, Networks and firewalls .Overseeingtroubleshoot system performance, troubleshooting issues and outages Creating a backup and safeguarding the dataon premise Cloud if there are any hindrances Performing system upgrades following new releases.EnsuringSustaining Network integrity, server deployment, security and efficiency of IT infrastructure .Monitoring and maintaining Network servers such as file servers, VPN gateways and intrusion detection systems.Ensuring high-level security and efficiency resulting in 100 output .Perform server administration tasks, including usergroup administration, security permissions, group policies, print services, research event log warnings and errors, and resource monitoring, ensuring system architecture components work together seamlessly.Monitor datacentre health using pre-existing management tools and respond to hardware issues as they arise; help build, test, and maintain new servers as needed.Deploying and configuring virtual Networks Orchestrating routing paths, especially in a hybrid Cloud .Managing public and private IP addresses .Significant experience building, configuring, and maintaining physical and virtual servers.Maintain internal infrastructure requirements including, laptop and desktop computers, servers, routers, switches, firewalls, printers, phones, security updates; support interNet, intraNet, LANs, WANs, and Network segments.Interact with the help desk and other teams to assist in troubleshooting, identify root cause, and provide technical support when needed.Perform routinescheduled audits of the systems, including all backups IT Inventory management reporting Application Code deployments to various Cloud on premise servers.",we;are;looking;forcloud;system;administratorprofiles;cv;to;share;with;our;client;for;their;future;recruitment;campaign;mission;installing;configuring;and;maintain;software;server;premis;cloud;networks;and;firewalls;system;performanc;troubleshooting;issu;and;outage;creating;backup;and;safeguarding;the;dataon;premis;cloud;if;there;are;any;hindrance;performing;system;upgrade;following;new;release;ensuringsustaining;network;integrity;server;deployment;security;and;efficiency;of;it;infrastructure;and;maintaining;network;server;such;file;server;vpn;gateways;and;intrusion;detection;system;ensuring;high;level;security;and;efficiency;resulting;in;output;server;administration;task;including;usergroup;administration;security;permission;group;policie;print;service;research;event;log;warning;and;errors;and;resource;monitoring;ensuring;system;architecture;component;work;together;seamlessly;monitor;datacentr;health;using;pre;existing;managemer;tool;and;respond;to;hardware;issu;they;aris;help;build;test;and;maintain;new;server;needed;deploying;and;configuring;virtual;networks;orchestrating;routing;path;especially;in;hybrid;cloud;public;and;private;ip;addresse;experience;building;configuring;and;maintaining;physical;and;virtual;server;maintain;internal;infrastructure;requirement;including;laptop;and;desktop;computer;server;router;switche;firewalls;printer;phone;security;update;support;internet;intranet;lans;wans;and;network;segment;interact;with;the;help;desk;and;other;team;to;assist;in;troubleshooting;identify;root;cause;and;provid;technical;support;when;needed;perform;routinescheduled;audit;of;the;systems;including;all;backup;it;inventory;managemer;reporting;application;code;deployment;to;various;cloud;premis;server
https://www.emploi.ma/offre-emploi-maroc/swift-developer-mf-8251956,SWIFT Developer (M/F),AFRICASHORE,2026-04-13,Agadir - Béni Mellal-Khénifra - Casablanca-Mohammedia - Dakhla - Errachidia - Fès - Guelmim - Laâyoune - Marrakech-Safi - Meknès - Oujda - Rabat-Salé-Kénitra - Settat - Tanger-Tétouan-Al Hoceïma - International,"MERCURIAL, CVS, REST, GIT, SCRUM, AGILE, SWIFT","We are looking forSWIFT Developerprofiles CVs to pass on to our clients for their future recruitment campaigns.Mission:We are looking for an iOSSwift developer responsible for the development and maintenance of applications aimed towards iOS and OS X, including mobile phones, tablets, and full.Plan, design and build advanced and build secure applications for iOS and OS X platform.Monitor the performance, quality, and responsiveness of company s applications.Work with the rest of the team to define, design, and develop new features.Find and fix bugs in a timely manner.Worked in Agile SCRUM Methodology.Help maintain high-level code quality, organization and automatization.Provide estimates for delivery schedule.Strong Analytical skills.",we;are;looking;forswift;developerprofiles;cvs;to;to;our;client;for;their;future;recruitment;campaign;mission;we;are;looking;for;an;iosswift;developer;responsibl;for;the;developmer;and;maintenance;of;application;aimed;toward;io;and;os;x;including;mobile;phone;tablet;and;full;plan;design;and;build;advanced;and;build;secur;application;for;io;and;os;x;platform;monitor;the;performanc;quality;and;responsiveness;of;company;application;work;with;the;rest;of;the;team;to;defin;design;and;develop;new;feature;find;and;fix;bug;in;timely;manner;worked;in;agile;scrum;methodology;help;maintain;high;level;code;quality;organization;and;automatization;provide;estimater;for;delivery;schedule;strong;analytical;skill
https://www.emploi.ma/offre-emploi-maroc/test-validation-engineer-mf-8251957,Test and Validation Engineer (M/F),AFRICASHORE,2026-04-13,Agadir - Béni Mellal-Khénifra - Casablanca-Mohammedia - Dakhla - Errachidia - Fès - Guelmim - Laâyoune - Marrakech-Safi - Meknès - Oujda - Rabat-Salé-Kénitra - Settat - Tanger-Tétouan-Al Hoceïma - International,"CVS, RHEL, SUSE","We are looking forTest and Validation Engineerprofiles CVs to pass on to our clients for their future recruitment campaigns.Mission:Develop and apply design verification and validation protocols based on system requirements and approved procedures and standards ISO, IEC and FDA.Identify tasks required to complete projects in accordance with Design Control procedures.Propose technical solutions and associated schedules to complete projects on time.Design and build test benches; follow up maintenance and calibration.Create, analyse and summarise documentation of verification and validation results for internal reviews and regulatory submissions.Supervise and perform inspection, assembly and verificationvalidation testing in accordance with product requirements.Assist in the development of design input requirements.Participate in the writing and review of standard operating procedures and work instructions.Interact and manage external suppliers, including validation and verification testing.Help define, develop and implement processes and technical solutions to support current product designs, optimise manufacturing, reliability and improve quality.",we;are;looking;fortest;and;validation;engineerprofile;cv;to;to;our;client;for;their;future;recruitment;campaign;mission;develop;and;apply;design;verification;and;validation;protocol;based;system;requirement;and;approved;procedure;and;standard;iso;iec;and;task;required;to;complete;project;in;accordance;with;design;control;procedure;proposer;technical;solution;and;associated;schedule;to;complete;project;time;design;and;build;test;benche;follow;up;maintenance;and;calibration;create;analyse;and;summaris;documentation;of;verification;and;validation;results;for;internal;reviews;and;regulatory;submission;supervise;and;perform;inspection;assembly;and;verificationvalidation;testing;in;accordance;with;product;requirement;assist;in;the;developmer;of;design;input;requirement;participate;in;the;writing;and;review;of;standard;operating;procedure;and;work;instruction;interact;and;manage;external;supplier;including;validation;and;verification;testing;help;define;develop;and;implement;processe;and;technical;solution;to;support;current;product;design;optimiser;manufacturing;reliability;and;improve;quality
https://www.emploi.ma/offre-emploi-maroc/cloud-engineer-mf-8251965,Cloud Engineer (M/F),AFRICASHORE,2026-04-13,Agadir - Béni Mellal-Khénifra - Casablanca-Mohammedia - Dakhla - Errachidia - Fès - Guelmim - Laâyoune - Marrakech-Safi - Meknès - Oujda - Rabat-Salé-Kénitra - Settat - Tanger-Tétouan-Al Hoceïma - International,"ARM, RDS, CVS, REST, API, IAM, PUPPET, PYTHON, BGP","We are looking forCloud Engineerprofiles CVs to share with our clients for their future recruitment campaigns.Mission:Implement IAM policies and configure VPCs to create a scalable and secure Network for the application workloads.Develop and manage AWS development and migration programs.Build Data Integration scripts using Python to integrate with upstreamdownstream systems within AWS Cloud Services ecosystem.Develop application code for programs while following coding standards.Resolve queriesissues and provide Applicationfunctional support.Recommend changes to improve established Data Integration processes.Provides solutions or alternatives to avoid potential problems.Analyze workload requirements and work with IT stakeholders to define proper sizing for Cloud workloads on AWS.Build, Deploy and Manage production workloads including applications on EC2 instance, APIs on Lambda Functions and more.Good communication skills, ability to persuade and clearly identify audiences.Utilizes good judgment when and how to communicate.Understands and adheres to development methodology, standards and Principles.",we;are;looking;forcloud;engineerprofiles;cv;to;share;with;our;client;for;their;future;recruitment;campaign;mission;implement;iam;policie;and;configurer;vpcs;to;create;scalabl;and;secure;network;for;the;application;workload;develop;and;manage;aws;developmer;and;migration;program;build;data;integration;script;using;python;to;integrat;with;upstreamdownstream;system;within;aws;cloud;service;ecosystem;develop;application;code;for;programs;whil;following;coding;standard;resolve;queriesissues;and;provid;applicationfunctional;support;recommend;change;to;improve;established;data;integration;processe;provides;solution;alternative;to;avoid;potential;problem;analyze;workload;requirement;and;work;with;it;stakeholder;to;define;proper;sizing;for;cloud;workload;deploy;and;manage;production;workload;including;application;instance;api;lambder;functions;and;more;good;communication;skill;ability;to;persuader;and;clearly;identify;audience;utilize;good;judgment;when;and;how;to;communicate;understand;and;adhere;to;developmer;methodology;standard;and;principles
https://www.emploi.ma/offre-emploi-maroc/aws-cloud-architect-mf-8251960,AWS Cloud Architect (M/F),AFRICASHORE,2026-04-13,Agadir - Béni Mellal-Khénifra - Casablanca-Mohammedia - Dakhla - Errachidia - Fès - Guelmim - Laâyoune - Marrakech-Safi - Meknès - Oujda - Rabat-Salé-Kénitra - Settat - Tanger-Tétouan-Al Hoceïma - International,"IOT, DNS, AGILE, HTTP, SSL, CVS, ALM, PUPPET, SCRUM, JENKINS, BASH, LOAD BALANCING, DOCKER, PYTHON, REACT","We are looking forAWS Cloud Architectprofiles CVs to share with our clients for their future recruitment campaigns.Mission:Support and advise clients in the adoption and deployment of AWS services IT Strategy, Opportunity Study, Audit, Framework and Roadmap.Design solution platforms integrating AWS reference services Serverless Architecture, Analytics, IoT, EKS, ... in Native Cloud and Hybrid Cloud contexts.Conduct research, tests, and execute new techniques which could be reused and applied to the project.Accountable for designing, building, and optimizing automation systems that help to execute business web and data infrastructure platforms.",we;are;looking;foraws;cloud;architectprofiles;cvs;to;share;with;our;client;for;their;future;recruitment;campaign;mission;support;and;advis;client;in;the;adoption;and;deploymer;of;aws;service;it;strategy;opportunity;study;audit;framework;and;roadmap;design;solution;platforms;integrating;aw;reference;service;serverless;architecture;analytics;iot;eks;in;native;cloud;and;hybrid;cloud;contexts;conduct;research;test;and;execute;new;technique;which;could;be;reused;and;applied;to;the;project;accountabl;for;designing;building;and;optimizing;automation;system;that;help;to;execute;business;web;and;dater;infrastructure;platforms
https://www.emploi.ma/offre-emploi-maroc/cloud-system-integrator-mf-8251968,Cloud System Integrator (M/F),AFRICASHORE,2026-04-13,Agadir - Béni Mellal-Khénifra - Casablanca-Mohammedia - Dakhla - Errachidia - Fès - Guelmim - Laâyoune - Marrakech-Safi - Meknès - Oujda - Rabat-Salé-Kénitra - Settat - Tanger-Tétouan-Al Hoceïma - International,"CVS, AGILE","We are looking forCloud System Integratorprofiles CVs to share with our clients for their future recruitment campaigns.Mission:Create future-proof system architectures for our highly interconnected 4G5G communication solutions.Define competitive end-to-end solutions together with top experts from different teams in an international environment.Demonstrate strong understanding of Networking and security architectures and engage in technical discussions with Network and security architects of large enterprises.Present both industry and Zscaler technical architecture as it relates to customers and prospects environment and technical requirements.Ensure that our solutions fit smoothly into our customers, IT environments.As part of the dynamic and agile team, ensure robustness, performance and security aspects within the architecture design.",we;are;looking;forcloud;system;integratorprofiles;cvs;to;share;with;our;client;for;their;future;recruitment;campaign;mission;create;futur;proof;system;architecture;for;our;highly;interconnected;gramme;communication;solution;define;competitive;end;to;end;solution;together;with;top;expert;from;team;in;an;international;environment;demonstrate;strong;understanding;of;networking;and;security;architecture;and;engager;in;technical;discussion;with;network;and;security;architects;of;large;enterpriser;preser;both;industry;and;zscaler;technical;architecture;it;relater;to;customer;and;prospects;environmer;and;technical;requirement;ensure;that;our;solution;faire;smoothly;into;our;customer;it;environment;part;of;the;dynamic;and;agile;team;ensure;robustnes;performance;and;security;aspect;within;the;architecture;design
https://www.emploi.ma/offre-emploi-maroc/consultant-sap-senior-hf-8338272,Consultant SAP Senior (H/F),AFRICASHORE,2026-04-13,Agadir - Béni Mellal-Khénifra - Casablanca-Mohammedia - Dakhla - Errachidia - Fès - Guelmim - Laâyoune - Marrakech-Safi - Meknès - Oujda - Rabat-Salé-Kénitra - Settat - Tanger-Tétouan-Al Hoceïma - International,"ABAP, SAP","Nous recherchons unConsultant SAP Sénior HFpour notre client, une société multinationale dans le domaine des services informatiques.Mission :Participer aux études préalables et à l'élaboration des cahiers des charges.Mener de bout en bout les enrichissementsprojets validés au carnet de travail Logistique SAP Achats, Stocks voire Production Planning conception, paramétrage, réalisation, tests, conduite du changement, formation, support post go-live avec un fort engagement de résultat et une forte interaction avec les correspondants métiers.Participer au développement et au renforcement de léquipe en menant des actions daméliorations continues et en étant actif dans le partage de la connaissance et lentraide.Adapter le développement des logiciels aux besoins du service analyse fonctionnelle, assurer la conception technique, le codage, la mise au point et la documentation des programmes.Établir des normes de développement internes : analyser les besoins fonctionnels et les faire valider par son supérieur hiérarchique.Optimiser les développements en les rendant plus efficaces, plus rapides et plus agréables à utiliser.Valider les paramétrages.Rédiger des procédures.Mettre le système en production.Travailler en forte intégration avec les domaines FI, CO, PS, HR, SD, CS",rechercher;unconsultant;sap;sénior;hfpour;client;société;multinational;domaine;service;informatique;mission;participer;étude;préalable;élaboration;cahier;charge;mener;bout;bout;enrichissementsprojet;valider;carnet;travail;logistique;sap;achats;stock;voire;production;planning;conception;paramétrage;réalisation;test;conduite;changement;formation;support;post;go;live;fort;engagement;résultat;fort;interaction;correspondant;métier;participer;développement;renforcement;léquipe;mener;action;damélioration;continu;actif;partage;connaissance;lentraid;adapter;développement;logiciel;besoin;service;analyse;fonctionnelle;assurer;conception;technique;codage;mise;point;documentation;programme;établir;norme;développement;interne;analyser;besoin;fonctionnel;faire;valider;supérieur;hiérarchique;optimiser;développement;rendre;efficace;rapide;agréable;utiliser;valider;paramétrage;rédiger;procédure;mettre;système;production;travailler;fort;intégration;domaine;fi;co;ps;hr;sd;cs
https://www.emploi.ma/offre-emploi-maroc/test-automation-engineer-mf-8251958,Test Automation Engineer (M/F),AFRICASHORE,2026-04-13,Agadir - Béni Mellal-Khénifra - Casablanca-Mohammedia - Dakhla - Errachidia - Fès - Guelmim - Laâyoune - Marrakech-Safi - Meknès - Oujda - Rabat-Salé-Kénitra - Settat - Tanger-Tétouan-Al Hoceïma - International,"MYSQL, GITLAB, API, PYTHON, LINUX, CVS, GIT, SHELL, JENKINS, JAVASCRIPT, MATRIX, ORACLE, SQL","We are looking forTest Automation Engineerprofiles CVs to pass on to our clients for their future recruitment campaigns.Mission:Develop, maintain, and execute automation tests.Develop and maintain test automation architecture and frameworks.Write complex scripts in one or more programming languages.Ensure scalability of automation and Continuous Integration across the solution.Assist in analysis and piloting of best-in-class automation testing tools and propose commission and use to relevant stakeholders.Design and develop strategic automated tests while maintaining and enhancing frameworks and test tools.Reviews specifications to determine software engineering requirements and design solutions meets design input.Estimates for software modules under development.Integrating automated tests with CICD builds.Follow the internal software quality process during design and implementation phase.Provides support with the development software verification activities through the design and implementation of software module, class and method level tests.Create a respectful work environment where you advocate for your team, create accountability and recognize accomplishments.Provide timely feedback to encourage success, ensure accountability and connect opportunities for your associates development.Promote and build a diverse and cohesive team to accomplish objectives and align associates skills to fill gaps.Opportunities to work in projects involving latest technologies trends.",we;are;looking;fortest;automation;engineerprofile;cv;to;to;our;client;for;their;future;recruitment;campaign;mission;develop;maintain;and;execut;automation;test;develop;and;maintain;test;automation;architecture;and;framework;write;complex;script;in;one;more;programming;language;ensure;scalability;of;automation;and;continuou;integration;acros;the;solution;assist;in;analysis;and;piloting;of;automation;testing;tool;and;proposer;commission;and;user;to;relever;stakeholder;design;and;develop;strategic;automated;test;whil;maintaining;and;enhancing;framework;and;test;tool;reviews;specificatier;to;determine;software;engineering;requirement;and;design;solution;meet;design;input;estimate;for;software;module;under;developmer;integrating;automated;test;with;cicd;builds;follow;the;internal;software;quality;process;during;design;and;implementation;phase;provides;support;with;the;developmer;software;verification;activitie;through;the;design;and;implementation;of;software;module;clas;and;method;level;test;create;respectful;work;environmer;where;you;advocate;for;your;team;create;accountability;and;recognize;accomplishment;provide;timely;feedback;to;encourager;success;ensure;accountability;and;connect;opportunitie;for;your;associate;development;promote;and;build;and;cohesiv;team;to;accomplish;objectif;and;align;associate;skill;to;fill;gaps;opportunitie;to;work;in;project;involving;latest;technologie;trend
https://www.emploi.ma/offre-emploi-maroc/aws-solutions-architect-mf-8251961,AWS Solutions Architect (M/F),AFRICASHORE,2026-04-13,Agadir - Béni Mellal-Khénifra - Casablanca-Mohammedia - Dakhla - Errachidia - Fès - Guelmim - Laâyoune - Marrakech-Safi - Meknès - Oujda - Rabat-Salé-Kénitra - Settat - Tanger-Tétouan-Al Hoceïma - International,"SPARK, DNS, HTTP, HADOOP, CVS, RDS, CENTOS, BIG DATA, DOCKER, API, TALEND, DMS, LINUX","We are looking forAWS Solutions Architectprofiles CVs to share with our clients for their future recruitment campaigns.Mission:Design a robust, secure and optimized AWS architecture to implement large scale enterprise data solutions and applications.Develop and deliver AWS Cloud solutions in areas such as AIML, advanced analytics, microservices, serverless, etc.Build highly scalable, Cloud-native applications on AWS platform using services like API Gateway, Lambda, SQS, DynamoDB and ECS.Implement and manage KuberNetes environments.Ensure configuration and compliance with configuration management tools.Administer and troubleshoot Linux based systems.Troubleshoot problems across a wide array of services and functional areas.Perform infrastructure cost analysis and optimization.",we;are;looking;foraws;solution;architectprofile;cvs;to;share;with;our;client;for;their;future;recruitment;campaign;mission;design;robust;secur;and;optimized;aws;architecture;to;implement;large;scal;enterpris;dater;solution;and;application;develop;and;deliver;aw;cloud;solution;in;area;such;aiml;advanced;analytic;microservice;serverles;build;highly;scalabl;cloud;natif;application;aws;platform;using;service;lik;api;gateway;lambda;sqs;dynamodb;and;and;manage;kubernete;environment;ensure;configuration;and;compliance;with;configuration;managemer;tool;administer;and;troubleshoot;linux;based;system;troubleshoot;problem;acros;wide;array;of;service;and;functional;areas;perform;infrastructure;cost;analysis;and;optimization
https://www.emploi.ma/offre-emploi-maroc/datastage-architect-mf-8251971,DATASTAGE Architect (M/F),AFRICASHORE,2026-04-13,Agadir - Béni Mellal-Khénifra - Casablanca-Mohammedia - Dakhla - Errachidia - Fès - Guelmim - Laâyoune - Marrakech-Safi - Meknès - Oujda - Rabat-Salé-Kénitra - Settat - Tanger-Tétouan-Al Hoceïma - International,"J2EE, MONGODB, JAVA, CVS, SQL, INFORMATICA, DATASTAGE, AZURE, TALEND, ORACLE","We are looking forDATASTAGE Architectprofiles CVs to share with our clients for their future recruitment campaigns.Mission:Define and supervise all activities within your scope by using and optimising the resources allocated.Control the implementation of the activities under your responsibility and report on the results.Responsible for the level of service quality, compliance with standards and the level of safety within the assigned perimeter.Supervise and monitor of assigned projects monitoring of workloads, definition of deadlines and delivery milestones, identification of deliverables and work to be carried out, task planning, monitoring of work, management of corrective measures, monitoring of teams, etc..Coordination with cross-functional teams architects, project managers, DOT team, business units.Day-to-day management of internal or external resources.Reporting on the activity quantitatively and qualitatively to the Project Manager and proposing corrective actions.Documentary work inherent to the projects monitored specifications, selection files, architecture files, etc..Will be involved in product installation configurations, trouble shooting performance, 3rd party integrations, security, deliver class room training etc.",we;are;looking;fordatastage;architectprofiles;cvs;to;share;with;our;client;for;their;future;recruitment;campaign;mission;define;and;superviser;all;activitie;within;your;scope;by;using;and;optimising;the;resource;allocated;control;the;implementation;of;the;activitie;under;your;responsibility;and;report;the;results;responsibl;for;the;level;of;service;quality;compliance;with;standard;and;the;level;of;safety;within;the;assigned;perimeter;supervise;and;monitor;of;assigned;project;monitoring;of;workload;definition;of;deadline;and;delivery;milestone;identification;of;deliverable;and;work;to;b;carried;out;task;planning;monitoring;of;work;managemer;of;correctif;measure;monitoring;of;team;coordination;with;team;architects;project;manager;dot;team;business;unit;day;to;day;managemer;of;internal;external;resource;reporting;the;activity;quantitatively;and;qualitatively;to;the;project;manager;and;proposing;correctif;action;documentary;work;inherent;to;the;project;monitored;specification;selection;file;architecture;file;will;be;involved;in;product;installation;configuration;trouble;shooting;performance;party;integration;security;deliver;clas;room;training
https://www.emploi.ma/offre-emploi-maroc/dba-imsdb2-zoshf-8251974,DBA IMS/DB2 Z/OS(H/F),AFRICASHORE,2026-04-13,Agadir - Béni Mellal-Khénifra - Casablanca-Mohammedia - Dakhla - Errachidia - Fès - Guelmim - Laâyoune - Marrakech-Safi - Meknès - Oujda - Rabat-Salé-Kénitra - Settat - Tanger-Tétouan-Al Hoceïma - International,"COBOL, ISPF, TWS, SDSF, DB2, JCL, FORTRAN, TSO, ASSEMBLEUR, SAS, VSAM, TCP IP","Nous recherchons des profils CV deDBA IMSDB2 ZOS HFpour les transmettre à nos clients dans le cadre de leurs futures campagnes de recrutement.Mission :Assistance au développement technique ZOS.Maintenance des projets, support aux analystes Z.Mise en œuvre opérationnelle des projets de développement.Assurer le maintien en conditions opérationnelles.Réaliser la maintenance mise à jour de versions, patchs management.Construction de nouveaux socles techniques.Traitement et incidents de niveau 3.Suivi et analyse des performances.",rechercher;profil;cv;dedba;zos;hfpour;transmettre;client;cadre;future;campagne;recrutement;mission;assistance;développement;technique;projet;support;analyste;œuvre;opérationnel;projet;développement;assurer;maintien;condition;opérationnel;réaliser;maintenance;mettre;jour;version;patch;management;construction;nouveau;socle;technique;traitement;incident;niveau;analyse;performance
https://www.emploi.ma/offre-emploi-maroc/consultant-sap-fi-cops-hf-8338270,Consultant SAP FI-CO/PS (H/F),AFRICASHORE,2026-04-13,Agadir - Béni Mellal-Khénifra - Casablanca-Mohammedia - Dakhla - Errachidia - Fès - Guelmim - Laâyoune - Marrakech-Safi - Meknès - Oujda - Rabat-Salé-Kénitra - Settat - Tanger-Tétouan-Al Hoceïma - International,SAP,"Nous recherchons unConsultant SAP FI-COPS HFpour notre client, une société multinationale dans le domaine des services informatiques.Mission :Concevoir, mettre en œuvre, déployer et soutenir les solutions financières SAP pour la finance, la comptabilité, le contrôle des coûts et le contrôle de gestion.Maintenir les compétences dans la conception et la configuration des processus des applications SAP ; la conception, le développement, l'intégration, les tests et le déploiement des applications SAP ; et l'architecture technique des applications SAP.Comprendre les exigences de l'entreprise afin de conclure l'impression, les essais et le soutien pour le grand livre général, les comptes clients, les comptes fournisseurs, le contrôle de gestion et la gestion des fonds partiels.Identifier, évaluer et résoudre des problèmes commerciaux complexes dans son domaine de responsabilité, lorsque l'analyse de situations ou de données nécessite une évaluation approfondie de facteurs variables.Participer à lévolution des systèmes dinformation du client et intervenir sur les différentes étapes de la mise en œuvre dapplications informatiques.Analyser des besoins utilisateurs, architecture technique, réalisation et la mise en production.Configuration, paramétrage fonctionnel.Participation au déploiement des solutions jusquau suivi des évolutions fonctionnelles du client en part time.Pilotage de projet et à la gestion déquipes.Connaissance du fonctionnement du support.",rechercher;unconsulter;sap;fi;cops;hfpour;client;société;multinational;domaine;service;informatique;mission;concevoir;mettre;œuvre;déployer;soutenir;solution;financier;sap;finance;comptabilité;contrôle;coût;contrôle;gestion;maintenir;compétence;conception;configuration;processus;application;sap;conception;développement;intégration;test;déploiement;application;sap;architecture;technique;application;exigence;entreprise;conclure;impression;essai;soutien;grand;livre;général;compte;client;compte;fournisseur;contrôle;gestion;gestion;fonds;partiel;identifier;évaluer;résoudre;problème;commercial;complexe;domaine;responsabilité;analyse;situation;donnée;nécessiter;évaluation;approfondir;facteur;variable;participer;lévolution;système;dinformation;client;intervenir;étape;mise;œuvre;dapplicatier;informatique;analyser;besoin;utilisateur;architecture;technique;réalisation;mise;production;configuration;paramétrage;fonctionnel;participation;déploiement;solution;jusquau;suivre;évolution;fonctionnel;client;part;tim;pilotage;projet;gestion;déquiper;connaissance;fonctionnement;support
https://www.emploi.ma/offre-emploi-maroc/ux-ui-designer-mf-8251959,UX / UI Designer (M/F),AFRICASHORE,2026-04-13,Agadir - Béni Mellal-Khénifra - Casablanca-Mohammedia - Dakhla - Errachidia - Fès - Guelmim - Laâyoune - Marrakech-Safi - Meknès - Oujda - Rabat-Salé-Kénitra - Settat - Tanger-Tétouan-Al Hoceïma - International,"BOOTSTRAP, CVS, GIT, JAVASCRIPT, CSS, PHOTOSHOP, AJAX, HTML, ILLUSTRATOR","We are looking forUX UI Designerprofiles CVs to pass on to our clients for their future recruitment campaigns.Mission:Design graphic user interface elements, like menus, tabs, and widgets.Be in proactive mode to instill new approaches in design.Produce and enhance wireframes, interactive prototypes, user flow diagrams, and other UI-UX design solutions for Desktop Mobile products.Create visuals for the web editing, photo, video, etc..Develop UI mockups and prototypes that clearly illustrate how sites function and look like.Create mock-ups in accordance with the graphic charter of the brand or product.Design interfaces for web and mobile.Build page navigation buttons and search fields.Deliver high quality technical designs with high performance, scalability, flexibility and maintainability across all businesses.Plan user testing to validate designs using a variety of methodologies.Identify and troubleshoot UX problems e.g. responsiveness.Conduct layout adjustments based on user feedback.",we;are;looking;forux;ui;designerprofiles;cvs;to;to;our;client;for;their;future;recruitment;campaign;mission;design;graphic;user;interfac;element;lik;menu;tab;and;widgets;be;in;proactif;mode;to;instill;new;approaches;in;design;produce;and;enhance;wireframes;interactif;prototype;user;flow;diagram;and;other;ui;ux;design;solution;for;desktop;mobile;product;create;visuals;for;the;web;editing;photo;video;develop;ui;mockups;and;prototype;that;clearly;illustrat;how;site;function;and;look;lik;create;mock;up;in;accordance;with;the;graphic;charter;of;the;brand;product;design;interface;for;web;and;mobile;build;page;navigation;button;and;search;field;deliver;high;quality;technical;design;with;high;performanc;scalability;flexibility;and;maintainability;acros;all;businesse;plan;user;testing;to;validate;design;using;variety;of;methodologie;identify;and;troubleshoot;ux;problem;responsivenes;conduct;layout;adjustment;based;user;feedback
https://www.emploi.ma/offre-emploi-maroc/zos-system-engineer-senior-storagehf-8251975,Z/OS System Engineer Senior Storage(H/F),AFRICASHORE,2026-04-13,Agadir - Béni Mellal-Khénifra - Casablanca-Mohammedia - Dakhla - Errachidia - Fès - Guelmim - Laâyoune - Marrakech-Safi - Meknès - Oujda - Rabat-Salé-Kénitra - Settat - Tanger-Tétouan-Al Hoceïma - International,"TSO, IBM, DB2, VSAM, ZOS, JCL, CICS, MVS","Nous recherchons des profils CV deZOS System Engineer Senior Storage HFpour les transmettre à nos clients dans le cadre de leurs futures campagnes de recrutement.Mission :Mise en œuvre, suivi et gestion technique opérationnelle des opérations,Enrichissement et rechargement des environnements Mainframe zOS dhomologation et de répétition de bascules.Définition des partitions création du socle, SGBD, middlewares transactionnels et flux, service techniques, sécurité, clonage et alimentation de données, interopération avec les environnements mainframe et distribués non mainframe.Suivi et gestion technique dopérations des divers expertises ingénieries systèmes et analyses dexploitations des différents services du centre dexpertises Mainframe.",rechercher;profil;cv;dezos;system;engineer;senior;storage;hfpour;transmettre;client;cadre;future;campagne;recrutement;mission;mise;œuvre;suivre;gestion;technique;opérationnel;opération;enrichissement;rechargemer;environnement;mainframe;zo;dhomologation;répétition;bascule;définition;partition;création;socle;sgbd;middleware;transactionnel;flux;service;technique;sécurité;clonage;alimentation;donnée;interopération;environnement;mainfram;distribuer;non;mainfram;suivre;gestion;technique;dopération;expertise;ingénierie;système;analyse;dexploitation;service;centre;dexpertiser;mainframe
https://www.emploi.ma/offre-emploi-maroc/consultant-sap-mmsdewmppqmcar-hf-8338273,Consultant SAP MM/SD/EWM/PP/QM/CAR (H/F),AFRICASHORE,2026-04-13,Agadir - Béni Mellal-Khénifra - Casablanca-Mohammedia - Dakhla - Errachidia - Fès - Guelmim - Laâyoune - Marrakech-Safi - Meknès - Oujda - Rabat-Salé-Kénitra - Settat - Tanger-Tétouan-Al Hoceïma - International,SAP,"Nous recherchons unConsultant SAP MMSDEWMPPQMCAR HFpour notre client, une société multinationale dans le domaine des services informatiques.Mission :Accompagner et soutenir nos utilisateurs sur leurs activités et problématiques quotidiennes en étant force de proposition pour lamélioration continue de la solution.Mener de bout en bout les enrichissementsprojets validés au carnet de travail Logistique SAP Achats, Stocks voire Production Planning conception, paramétrage, réalisation, tests, conduite du changement, formation, support post go-live avec un fort engagement de résultat et une forte interaction avec les correspondants métiers.Maintenir en état opérationnel le Système dinformation du Client.Superviser et exécuter la résolution des tickets, la livraison des changements et la livraison des versions au sein de l'équipe d'assistance.Fournir une expertise technique fonctionnelle dans l'un ou plusieurs modules SAP : WM, MM, SD, EWM, PP, QM, CAR...Maintenir la connectivité et l'évolutivité.Assurer la continuité des activités métier en production.Assistance à la mise en production.Formation et support des utilisateurs.Assurer un reporting et un pilotage de vos activités avec la documentation nécessaire associée.",rechercher;unconsulter;sap;mmsdewmppqmcar;hfpour;client;société;multinational;domaine;service;informatique;mission;accompagner;soutenir;utilisateur;activité;problématique;quotidien;force;proposition;lamélioration;continuer;solution;mener;bout;bout;enrichissementsprojet;valider;carnet;travail;logistique;sap;achats;stock;voire;production;planning;conception;paramétrage;réalisation;test;conduite;changement;formation;support;post;go;live;fort;engagement;résultat;fort;interaction;correspondant;métier;maintenir;état;opérationnel;système;dinformation;client;superviser;exécuter;résolution;ticket;livraison;changement;livraison;version;sein;équipe;assistance;fournir;expertise;technique;fonctionnelle;module;sap;wm;mm;sd;ewm;pp;qm;maintenir;connectivité;évolutivité;assurer;continuité;activité;métier;production;assistance;mise;production;formation;support;utilisateur;assurer;reporting;pilotage;activité;documentation;nécessaire;associer
https://www.emploi.ma/offre-emploi-maroc/senior-software-engineer-java-springboot-oujda-9053192,Senior Software Engineer (JAVA-SPRINGBOOT) - Oujda,AFRICAWORK,2026-03-26,Casablanca-Mohammedia - Oujda,JAVA,"We are recruiting on behalf of our Client for an experiencedSenior Software Engineer JAVA-SPRINGBOOTto join a company based inOujda, specialized in providing products and services for businesses and individuals.Responsibilities:Development: Write clean, efficient, and maintainable code; implement complex features.Code Review: Review code from peers and provide constructive feedback.Testing Quality Assurance: Ensure proper unit testing",we;are;recruiting;behalf;of;our;client;for;an;experiencedsenior;software;engineer;java;springbootto;join;company;based;inoujda;specialized;in;providing;product;and;service;for;businesses;and;individual;responsibilitie;development;write;clean;efficient;and;maintainabl;code;implement;complex;feature;code;review;review;code;from;peer;and;provid;constructif;feedback;testing;quality;assurance;ensure;proper;unir;testing
https://www.emploi.ma/offre-emploi-maroc/developpeur-c-senior-multiplateforme-rabat-9285636,Développeur C++ Senior (Multiplateforme) - RABAT,JOB CONNECT,2026-03-31,Rabat-Salé-Kénitra,"LINUX, API, AGILE, C++","Nous recrutons pour le compte de notre client basé à Rabat, UnDéveloppeur C Senior Multiplateforme, expérimenté, doté dune expertise technique avancée et dune forte capacité à travailler sur des environnements complexes et innovants.Missions principales :Développer et maintenir des applications C multiplateformes Windows, macOS, Linux, en garantissant performance, fiabilité et compatibilitéSolides connaissances en Bibliothèque standard C, Gestion mémoire, Architecture logicielle, Maintenance de code existantConcevoir, implémenter et maintenir des API simples, robustes et performantesParticiper activement aux phases de conception design reviews et aux revues de codeAssurer la maintenance corrective et évolutive du code existantMettre en place et maintenir des tests unitaires ainsi que des processus dintégration continueTravailler en méthodologie Agile avec des livraisons régulièresContribuer au développement de composants modernes, notamment :IntelliSense serveur LSP, compilateurÉvolution dun serveur web embarquéExtensions Visual Studio Code édition, débogage, autocomplétion avancéeIntégration doutils dintelligence artificielle recherche sémantique, assistants de codeExcellente maîtrise du C niveau avancéSolides connaissances en Bibliothèque standard C, Gestion mémoire, Architecture logicielle, Maintenance de code existantBonne maitrise en développement multiplateforme Windows, macOS, LinuxBonne compréhension des outils de développement modernes et environnements IDEMaîtrise obligatoire du français réunions, revues de code, spécificationsÉtablir les sujets techniques variés et innovants C core, IA, outils de développement, serveurs embarqués",recruter;compte;client;baser;rabat;undéveloppeur;senior;multiplateforme;expérimenté;doté;dun;expertise;technique;avancer;dune;fort;capacité;travailler;environnement;complexe;innovant;mission;principal;développer;maintenir;application;multiplateforme;windows;macos;linux;garantir;performanc;fiabilité;compatibilitésolide;connaissance;bibliothèque;standard;gestion;mémoir;architecture;logiciel;maintenance;code;existantconcevoir;implémenter;maintenir;api;simple;robuster;performantesparticiper;activemer;phase;conception;design;reviews;revoir;codeassurer;maintenance;correctif;évolutif;code;existantmettre;place;maintenir;test;unitaire;processus;dintégration;continuetravailler;méthodologie;agile;livraison;régulièrescontribuer;développement;composant;moderne;intellisense;serveur;lsp;compilateurévolution;dun;serveur;web;embarquéextensions;visual;studio;code;édition;débogage;autocomplétion;avancéeintégration;doutil;dintelligence;artificiel;recherche;sémantique;assistant;codeexcellent;maîtrise;niveau;avancésolides;connaissance;bibliothèque;standard;gestion;mémoir;architecture;logiciel;maintenance;code;existantbonn;maitrise;développement;multiplateform;windows;macos;linuxbonn;compréhension;outil;développement;moderne;environnement;idemaîtris;obligatoire;français;réunion;revoir;code;spécificationsétablir;sujet;technique;varier;innovant;core;ia;outil;développement;serveur;embarquer
https://www.emploi.ma/offre-emploi-maroc/developpeur-fullstack-webmobile-marrakech-9300002,Développeur Fullstack Web/Mobile - Marrakech,MTS SYSTEM,2026-04-27,Casablanca-Mohammedia - Marrakech-Safi - Rabat-Salé-Kénitra,"ANDROID, C, JAVA, JAVASCRIPT, NET, C#, FULL STACK","Société à rayonnement international, implantée à Marrakech depuis 2006, spécialisée dans la distribution et le développement dapplications commerciales et monétiques, est à la recherche deDéveloppeurs Full Stack.Missions:Sous la direction dun chef de projet, au sein dune équipe de développeurs, vous participerez à la conception et au développement technique de nouvelles applications web etou mobile.Activités principales :Développement des applications :Rédiger les lignes de codes nécessaires à la création dune applicationAppliquer les règles de navigation, créer des liens entre les pagesDévelopper les interfacesCorriger et optimiser les fonctionnalités qualité, charte graphique, ergonomie...Documenter les applications pour les développements ultérieurs et la mise en production.Tests et écriture des corrections nécessaires :Préparer et réaliser les tests unitaires et les tests fonctionnelsApporter les correctifs nécessaires suite à ces tests ou aux tests fonctionnels réalisés par les utilisateurs ou la maîtrise douvrage.Maintenance corrective et évolutive des applications :Assurer les corrections suite aux problèmes soulevés bugsPrendre en compte les évolutions des solutions techniques existantesAssurer la programmation des évolutions demandées.Réalisation de lanalyse technique Sous la responsabilité du chef de projet :Analyser les besoins métiers spécifiés et les traduire en cahier des charges techniquesÉcrire les spécifications techniques générales et détaillées en envisageant les problèmes éventuels et les évolutions.Activités éventuelles :Pour de petits projets, le développeur pourra parfois être amené à gérer la partie technique de A à Z sans quil y ait de chef de projet, et parfois rédiger les spécifications fonctionnelles détaillées.",société;rayonnement;international;implanter;marrakech;spécialiser;distribution;développement;dapplication;commercial;monétique;recherche;dedéveloppeur;full;stack;mission;direction;dun;chef;projet;sein;dun;équipe;développeur;participer;conception;développement;technique;nouveau;application;web;etou;mobile;activité;principal;développement;application;rédiger;ligne;code;nécessaire;création;dun;applicationappliquer;règle;navigation;créer;lien;pagesdévelopper;interfacescorriger;optimiser;fonctionnalité;qualité;charte;graphique;ergonomi;documenter;application;développement;ultérieur;mise;production;test;écriture;correction;nécessaire;préparer;réaliser;test;unitaire;test;fonctionnelsapporter;correctif;nécessaire;suite;test;test;fonctionnel;réaliser;utilisateur;maîtris;douvrage;maintenance;correctif;évolutif;application;assurer;correction;suite;problème;soulever;bugsprendre;compte;évolution;solution;technique;existantesassurer;programmation;évolution;demander;réalisation;lanalyse;technique;responsabilité;chef;projet;analyser;besoin;métier;spécifier;traduire;cahier;charge;techniquesécrir;spécification;technique;général;détailler;envisager;problème;éventuel;évolution;activité;éventuel;petit;projet;développeur;pouvoir;amener;gérer;partie;technique;z;quil;chef;projet;rédiger;spécification;fonctionnel;détailler
https://www.emploi.ma/offre-emploi-maroc/responsable-carte-monetique-casablanca-9298400,Responsable Carte Monétique - Casablanca,,2026-04-08,Casablanca-Mohammedia,"bases de données, systèmes d'information, APPLICATIONS WEB, Outils informatiques, analyse de données, Relation Clients, FIDÉLISATION CLIENT, Gestion des Réclamations, Suivi des performances, Plan d’action commercial, veille concurrentielle, Responsable monétique, Chargé de monétique, Business analyst, Responsable portefeuille clients, Monétique, Finance, Comptabilité, Gestion","Dans le cadre de sa croissance, une grande structure basée àCasablancarecrute unResponsable carte monétique.Vos principales missions sont les suivantes :Développer, animer et suivre le portefeuille clients.Analyser et suivre lévolution des volumes de carburants vendus via les cartes carburants.Répondre aux réclamations clients et demandes de nos clients.Assurer en veille concurrentielle.Établir les reportings mensuels .Mettre en œuvre un plan dactions nécessaire à la réalisation des objectifs .",cadre;croissance;grand;structure;baser;àcasablancarecrute;unresponsabl;carte;monétiqu;principal;mission;développer;animer;portefeuill;client;analyser;lévolution;volume;carburant;vendre;carte;carburant;répondre;réclamation;client;demande;client;assurer;veille;concurrentiel;établir;reporting;mensuel;œuvre;plan;daction;nécessaire;réalisation;objectif
https://www.emploi.ma/offre-emploi-maroc/technicienne-full-stack-mohammedia-9261447,Technicien(ne) Full Stack - Mohammedia,BATIFER,2026-03-11,Casablanca-Mohammedia,"JAVASCRIPT, NODE JS, HTML, FULL STACK, CSS","Nous sommes à la recherche d'uneTechnicienne Full Stack.Missions :Capable dintervenir à la fois sur le développement dapplications internes et sur la maintenance du parc informatique.Développement Front-end HTML, CSS, JavaScript, framework moderneDéveloppement Back-end PHP, Node.jsMaintenance logicielle du parc informatique",être;recherche;unetechnicienne;full;stack;mission;capable;dintervenir;fois;développement;dapplication;interne;maintenance;parc;informatique;développement;front;end;html;css;javascript;framework;modernedéveloppement;back;end;php;logiciel;parc;informatique
https://www.emploi.ma/offre-emploi-maroc/technicien-maintenance-machines-xerox-canon-casablanca-9254659,"Technicien Maintenance - Machines (XEROX, CANON) - Casablanca",TECTRA CASA TERTIAIRE – RECRUTEMENT,,Casablanca-Mohammedia,"Équipement, Qualité, Maintenance Préventive, Machines, Maintenance, Production","LHumain est au cœur de notre métier !TECTRA est aujourdhui leader du conseil en Ressources Humaines au Maroc. Avec plus de 1000 clients actifs multisectoriels et une force de réseaux de 27 agences partout dans le Royaume, Tectra vous accompagne dans votre recherche demploi.Pour lun de ses clients, dans le secteur commercial, TECTRA recherche uneTechnicien Maintenance - Machines XEROX, CANON, à Casablanca.Missions Principales :Assurer linstallation, la maintenance préventive et curative des machines dimpression XEROX, CANONDiagnostiquer les pannes mécaniques, électriques et électroniquesIntervenir rapidement en cas de dysfonctionnement chez les clientsEffectuer les réglages, tests et mises à jour nécessairesAssurer la disponibilité et le bon fonctionnement des équipement",lhumain;cœur;métier;tectra;aujourdhui;leader;conseil;ressource;humain;maroc;client;actif;multisectoriel;force;réseau;agence;partout;royaume;tectra;accompagner;recherche;demploi;lun;client;secteur;commercial;tectra;recherche;unetechnicien;maintenance;machine;xerox;canon;casablanca;mission;principal;assurer;linstallation;maintenance;préventif;curatif;machine;dimpression;xerox;canondiagnostiquer;panne;mécanique;électrique;électroniquesintervenir;rapidement;cas;dysfonctionnement;clientseffectuer;réglage;test;mettre;jour;nécessairesassurer;disponibilité;bon;fonctionnement;équipement
https://www.emploi.ma/offre-emploi-maroc/professeur-permanent-informatique-fes-9261120,Professeur Permanent en Informatique - Fès,EDVANTIS HIGHER EDUCATION GROUP,2026-04-27,Fès,,"Dans le cadre de son développement, le groupeEdvantisrecrute pour son campus ISGA à Fès desEnseignants Chercheurs Permanents en Informatique.Missions:Enseignement cours et des Travaux Dirigés et autres activités pédagogiquesEncadrement pédagogique et suivi de projets étudiantsRecherche scientifique dans le domaine de spécialisation.",cadre;développement;groupeedvantisrecrute;campus;isger;fès;desenseignant;chercheur;permanents;informatique;mission;enseignement;cours;travail;dirigé;activité;pédagogiquesencadrement;pédagogique;suivre;projet;étudiantsrecherch;scientifique;domaine;spécialisation
https://www.emploi.ma/offre-emploi-maroc/technicien-reseau-informatique-niveau-1-casablanca-9065662,Technicien Réseau Informatique Niveau 1 - Casablanca,CALLIOPE,2026-03-13,Casablanca-Mohammedia,"DNS, VPN, DHCP","Nous sommes à la recherche d'unTechnicien Réseau Informatique Niveau 1.Rattaché à un responsable Informatique vos missions:Assurer lesupport technique de niveau 1auprès des utilisateurs téléphone, ticketing, email.Diagnostiquer et résoudre les incidents courants liés au réseau connexion Internet, Wi-Fi, VPN, imprimantes, partages réseau.Réaliser lesconfigurations de base: IP, DNS, DHCP, intégration au domaine Active Directory.Vérifier et maintenir les équipements réseau : switchs, routeurs, bornes Wi-Fi contrôles visuels, redémarrage, câblage.Traiter les incidents liés auxlogiciels métierset auxsystèmes dexploitation.Participer à ladocumentation des procédureset ausuivi des tickets.",être;recherche;untechnicien;réseau;informatique;niveau;responsable;informatique;mission;assurer;lesupport;technique;niveau;utilisateur;téléphone;ticketing;e-mail;diagnostiquer;résoudre;incident;courant;lier;réseau;connexion;internet;wi;fi;vpn;imprimante;partage;réseau;réaliser;lesconfiguration;base;ip;dns;dhcp;intégration;domaine;active;directory;vérifier;maintenir;équipement;réseau;switch;routeur;borne;wi;fi;contrôle;visuel;redémarrage;câblage;traiter;incident;lier;auxlogiciel;métierset;auxsystème;dexploitation;participer;ladocumentation;procédureset;ausuivi;ticket
https://www.emploi.ma/offre-emploi-maroc/imprimeur-casablanca-9260124,Imprimeur - Casablanca,TECTRA AGENCE AIN SBAA,2026-03-10,Casablanca-Mohammedia,,"Pour lun de ses clients, dans le secteur des éditions et des imprimeries, TECTRA recherche unImprimeur, à CasablancaMissions Principales :Transformer les fichiers numériques en supports physiques livres, affiches, packagings en assurant une qualité optimaleRéceptionner les dossiers de fabrication, préparer les supports papier, carton, plastique et les consommablesCaler les plaques, paramétrer les logiciels de RIP en numérique et ajuster la colorimétrieSurveiller le bon déroulement de l'impression, vérifier la conformité repérage des couleurs, absence de défauts et maintenir les cadences.Réaliser l'entretien de premier niveau et le nettoyage régulier des presses.",lun;client;secteur;édition;imprimerie;tectra;recherche;unimprimeur;casablancamission;principal;transformer;fichier;numérique;support;physique;livre;affiche;packaging;assurer;qualité;optimaleréceptionner;dossier;fabrication;préparer;support;papier;carton;plastique;consommablescaler;plaque;paramétrer;logiciel;rip;numérique;ajuster;colorimétriesurveiller;bon;déroulement;impression;vérifier;conformité;repérage;couleur;absence;défaut;maintenir;cadence;réaliser;entretien;niveau;nettoyage;régulier;presse
https://www.emploi.ma/offre-emploi-maroc/developpeur-full-stack-hf-rabat-9264361,Développeur Full Stack (H/F)  - Rabat,YCN DEV MAROC,2026-03-14,Rabat-Salé-Kénitra,"JAVA, DJANGO, SCRUM, API, MONGODB, SPRING, CSS, CSS3, DOCKER, LARAVEL, NOSQL, HTML, NODE JS, JAVASCRIPT, PYTHON, REACT, POSTGRESQL, SQL, GIT, FULL STACK","Notre société, filiale d'une entreprise française spécialisée danslaDigital et la Data B2Bdepuis 25 ans, recruteunDéveloppeur Full Stackafin de renforcer son équipe IT. Notre société offre à une clientèle de moyennes et grandes entreprises des prestations de services informatiques. La culture dentreprise est orientée vers lEngagement, le Travail déquipe et le Respect avec la possibilité pour chacun de sépanouir et de progresser.Missions:Développement Front-end : Création de l'interface utilisateur UI et expérience utilisateur UX en utilisant des technologies comme HTML, CSS, JavaScript, et des frameworks React, Vue, Angular.Développement Back-end : Développement de la logique métier, des serveurs et des API Node.js, Python, Ruby, PHP, Java.Gestion des bases de données : Conception, structuration et interrogation de bases de données SQL, NoSQL.Intégration et API : Connexion des différentes parties de l'application et intégration de services tiers.Maintenance et Optimisation : Debugging, re factoring de code, et amélioration des performances.Méthodes Agiles : Participation aux réunions de projet ScrumKanban et aux revues de code.Déploiement DevOps de base : Gestion de la mise en ligne, parfois en utilisant des services cloud comme AWS.",société;filiale;entreprise;français;spécialiser;dansladigital;data;an;recruteundéveloppeur;full;stackafin;renforcer;équipe;it;société;offrir;clientèle;moyenne;grand;entreprise;prestation;service;informatique;culture;dentreprise;orienter;lengagement;travail;déquip;respect;possibilité;sépanouir;progresser;mission;développement;front;end;création;interface;utilisateur;ui;expérience;utilisateur;ux;utiliser;technologie;html;css;javascript;framework;react;vue;angular;développement;back;end;développement;logique;métier;serveur;api;python;ruby;php;java;gestion;base;donnée;conception;structuration;interrogation;base;donnée;sql;api;connexion;party;application;intégration;service;tiers;maintenance;optimisation;debugging;r;factoring;code;amélioration;performance;méthode;agiles;participation;réunion;projet;scrumkanban;revoir;code;déploiement;devop;base;gestion;mise;ligne;utiliser;service;cloud;aw
https://www.emploi.ma/offre-emploi-maroc/responsable-paie-administration-rh-casablanca-9279952,Responsable Paie et Administration R.H - Casablanca,SALAM GAZ,2026-03-25,Casablanca-Mohammedia,"Administration RH, Bilan Social, Indicateurs RH, Formation, Administration du Personnel, Administration RH","Nous sommes à la recherche d'unResponsable Paie et Administration R.HMissions :Le Responsable Paie Administration RH aura pour missions :Superviser lensemble du processus de paie : collecte des éléments variables, établissement des bulletins de paie, calcul des heures supplémentaires, congés, absences, arrêts maladie, etc.Gérer les déclarations sociales et fiscales : charges sociales, impôts liés à la paie, avantages sociaux.Assurer la conformité avec la législation du travail droit social du pays Maroc : conventions collectives, obligations légales, contrôles, audits.Administrer la gestion du personnel : contrats de travail, avenants, dossier administratif des salariés, suivi des absences congés temps de travail.Mettre en place paramétrer administrer le Système dInformation RH lié à la paie.Veille sociale et réglementaire : suivre les évolutions légales, sassurer que les pratiques internes soient à jour.Piloter ou coordonner léquipe paie administration du personnel : formation, suivi, gestion des délais, contrôle qualité.Optimiser les process : proposer des améliorations pour fiabiliser, accélérer et sécuriser les opérations de paie et dadministration RH.Répondre aux interrogations des salariés managers sur les questions paie, contrats, avantages sociaux.Reporting : établir les indicateurs RH pertinents masse salariale, coût des charges, absences, turnover, éventuellement le bilan social.",être;recherche;unresponsabl;paie;administration;responsable;paie;administration;rh;mission;superviser;lensembl;processus;paie;collecte;élément;variable;établissement;bulletin;paie;calcul;heure;supplémentaire;conger;absence;arrêt;maladie;gérer;déclaration;social;fiscal;charge;social;impôt;lier;paie;avantage;social;assurer;conformité;législation;travail;droit;social;pays;maroc;convention;collectif;obligation;légal;contrôle;audit;administrer;gestion;personnel;contrat;travail;avenant;dossier;administratif;salarié;suivre;absence;congé;temp;travail;mettre;place;paramétrer;administrer;système;dinformation;rh;lier;paie;veille;social;réglementaire;évolution;légal;sassurer;pratique;interne;être;jour;piloter;coordonner;léquipe;payer;administration;personnel;formation;suivre;gestion;délai;contrôle;qualité;optimiser;process;proposer;amélioration;fiabiliser;accélérer;sécuriser;opération;paie;dadministration;interrogation;salarier;manager;question;pai;contrat;avantage;social;reporting;établir;indicateur;rh;pertinent;masse;salarial;coût;charge;absence;turnover;éventuellement;bilan;social
https://www.emploi.ma/offre-emploi-maroc/agent-administratif-logistique-parc-automobile-casablanca-9278614,Agent Administratif Logistique Parc Automobile  - Casablanca,TECTRA CASA BOURGOGNE – RECRUTEMENT,2026-03-24,Casablanca-Mohammedia,"Comptabilité, Finance, Gestion, Comptabilité","Pour l'un de ces clients concessionnaire d'automobile ; Tectra recrute 2Agents Administratifs Logistique Parc Automobile.Mission principales :Gestion Administrative :Suivi des documents cartes grises, assurances, contrôle technique, gestion des cartes carburant, des contraventions, des sinistres, des factures.Logistique Organisation :Planification des affectations, optimisation des plannings, gestion des livraisonsrestitutions, allocation des ressources.Suivi Technique :S'assurer de la conformité réglementaire VGP, etc., organiser l'entretien et les réparations, vérifier les niveaux et l'équipement des véhicules.Relationnel Reporting :Conseiller les utilisateurs, informer la direction, rédiger des rapports d'activité.",client;concessionnaire;automobile;tectra;recrute;administratif;logistique;parc;automobile;mission;principal;gestion;administratif;suivre;document;carte;gris;assurance;contrôle;technique;gestion;carte;carburer;contravention;sinistre;facture;logistique;organisation;planification;affectation;optimisation;planning;gestion;livraisonsrestitution;allocation;ressource;suivre;technique;assurer;conformité;réglementaire;vgp;organiser;entretien;réparation;vérifier;niveau;équipement;véhicule;relationnel;reporting;conseiller;utilisateur;informer;direction;rédiger;rapport;activité
https://www.emploi.ma/offre-emploi-maroc/technicien-informaticien-casablanca-9287788,Technicien Informaticien - Taliouine - Askaoun,AYA GOLD AND SILVER,2026-04-02,Agadir - Marrakech-Safi,"TCP IP, MICROSOFT","Nous sommes à la recherche d'unTechnicien Informaticien.Mission:Assurer linstallation et la garantie de fonctionnement des équipements informatiques et téléphoniques matériels et logiciels liés au poste de travailResponsabilités :Préparer et installer le poste de travail ;Assurer la maintenance préventive et corrective des ordinateurs ;Contribuer à la gestion du parc ;Assure une veille technologique sur les ordinateurs et les logiciels ;Assurer le support auprès des utilisateurs ;Contribuer à la disponibilité, confidentialité et lintégrité du système dinformation ;Principales activités :Installation initiale des équipements informatiques et téléphoniques applications, utilitaires, ;Installation des mises à jour des applications et utilitaires ;Télédistribution des applications, Antivirus suivant un plan de déploiement ;Détection et limitation des virus ;Traitement des incidents à distance sur les ordinateurs, réseaux, messagerie ou téléphonie ;Administration de la messagerie sur la partie cliente du poste de travail connexion, exploitation ;Aide à la prise en main des équipements et logiciels installés ;Remonter les incidents de sécurités.",être;recherche;untechnicien;informaticien;mission;assurer;linstallation;garantie;fonctionnement;équipement;informatique;téléphonique;matériel;logiciel;lier;poste;travailresponsabilité;préparer;installer;poste;travail;assurer;maintenance;préventif;correctif;ordinateur;contribuer;gestion;parc;assurer;veille;technologique;ordinateur;logiciel;assurer;support;auprès;utilisateur;contribuer;disponibilité;confidentialité;lintégrité;système;dinformation;principale;activité;installation;initial;équipement;informatique;téléphonique;application;utilitaire;installation;mise;jour;application;utilitaire;télédistribution;application;antivirus;plan;déploiement;détection;limitation;virus;traitement;incident;distance;ordinateur;réseau;messagerie;téléphonie;administration;messagerie;partie;client;poste;travail;connexion;exploitation;aide;prise;main;équipement;logiciel;installé;remonter;incident;sécurité
https://www.emploi.ma/offre-emploi-maroc/community-manager-rabat-8726729,Community Manager - Rabat,,2026-03-24,Rabat-Salé-Kénitra,"Communication, Communication Digitale, Facebook Ads, Marketing, Stratégie de Communication, Community Management, Publicité","Nous sommes à la recherche dunCommunity Managerenthousiaste et créatif pour rejoindre notre équipe à Rabat. Vous serez responsable de la gestion de la présence en ligne de notre entreprise et de lanimation de nos réseaux sociaux. Ce poste est destiné à un profil moyen, ayant une première expérience dans la gestion de communautés et souhaitant développer ses compétences dans un environnement dynamique.Missions :Gérer et animer les comptes sur les réseaux sociaux Facebook, Instagram, LinkedIn, Twitter, etc..Créer du contenu engageant et visuel texte, image, vidéo adapté à chaque plateforme.Assurer la modération des commentaires et messages.Interagir avec les abonnés et maintenir une relation active avec la communauté.Analyser les performances des actions menées et proposer des ajustements reporting mensuel.Participer à la stratégie de communication digitale et à la gestion des campagnes publicitaires.Assurer une veille constante sur les tendances et l'actualité des réseaux sociaux.",être;recherche;duncommunity;managerenthousiaste;créatif;rejoindre;équipe;rabat;être;responsable;gestion;présence;ligne;entreprise;lanimation;réseau;social;poste;destiner;profil;moyen;expérience;gestion;communauté;souhaiter;développer;compétence;environnement;dynamique;mission;gérer;animer;compte;réseau;social;facebook;instagram;linkedin;twitter;créer;contenu;engager;visuel;text;image;vidéo;adapter;plateforme;assurer;modération;commentaire;message;interagir;abonné;maintenir;relation;actif;communauté;analyser;performance;action;mener;proposer;ajustement;reporting;mensuel;participer;stratégie;communication;digital;gestion;campagne;publicitaire;assurer;veille;constant;tendance;actualité;réseau;social
https://www.emploi.ma/offre-emploi-maroc/professeur-permanent-informatique-casablanca-9261121,Professeur Permanent en Informatique - Casablanca,EDVANTIS HIGHER EDUCATION GROUP,2026-03-11,Casablanca-Mohammedia,,"Dans le cadre de son développement, le groupeEdvantisrecrute pour son campus ISGA à Casablanca desEnseignants Chercheurs Permanents en Informatique.Missions:Enseignement cours et des Travaux Dirigés et autres activités pédagogiquesEncadrement pédagogique et suivi de projets étudiantsRecherche scientifique dans le domaine de spécialisation.",cadre;développement;groupeedvantisrecrute;campus;isger;casablanca;desenseignant;chercheur;permanents;informatique;mission;enseignement;cours;travail;dirigé;activité;pédagogiquesencadrement;pédagogique;suivre;projet;étudiantsrecherch;scientifique;domaine;spécialisation
https://www.emploi.ma/offre-emploi-maroc/responsable-developpeur-full-stack-hf-rabat-9264388,Responsable Développeur Full Stack (H/F)  - Rabat,YCN DEV MAROC,2026-03-14,Rabat-Salé-Kénitra,"PYTHON, MYSQL, JAVA, REACT, SQL, MONGODB, FULL STACK, NOSQL, SCRUM, AGILE, HTML, JAVASCRIPT, CSS, NODE JS, GIT","Notre société, filiale d'une entreprise française spécialisée danslaDigital et la Data B2Bdepuis 25 ans, recrute unResponsable Développeur Full Stackafin de renforcer son équipe IT. Notre société offre à une clientèle de moyennes et grandes entreprises des prestations de services informatiques. La culture dentreprise est orientée vers lEngagement, le Travail déquipe et le Respect avec la possibilité pour chacun de sépanouir et de progresser.Missions:Direction Technique et ArchitectureConception de l'architecture : Définir la structure globale de l'application choix des frameworks, bases de données, micro services pour garantir la scalabilité et la performance.Veille technologique : Identifier les nouveaux outils ou langages pertinents pour moderniser la stack technique de l'entreprise.Garant de la qualité : Mettre en place des normes de codage, superviser les revues de code code reviews et s'assurer du respect des bonnes pratiques de sécurité.Résolution de problèmes complexes : Intervenir en tant qu'expert sur les bugs critiques ou les défis techniques que l'équipe ne parvient pas à résoudre seule.Management et Mentorat :Encadrement de l'équipe : Guider et motiver les développeurs Full Stack juniors et seniors dans leur travail quotidien.Montée en compétences : Assurer le mentorat des membres de l'équipe pour les aider à progresser sur le Front-end, le Back-end ou le DevOps.Recrutement : Participer à l'évaluation technique des candidats pour renforcer l'équipe de développement.Gestion de Projet et Coordination :Planification technique : Estimer la charge de travail, découper les projets en tâches Sprints et suivre l'avancement des développements.Interface avec les parties prenantes : Traduire les besoins fonctionnels des clients ou du product owner en spécifications techniques réalisables.Méthodologie Agile : Garantir l'application des méthodes de travail Scrum, Kanban pour assurer des livraisons régulières et de qualité.Développement OpérationnelDéveloppement critique : Même s'il délègue beaucoup, le responsable continue de coder sur les parties les plus sensibles ou structurantes de l'application.Automatisation DevOps : Superviser la mise en place des pipelines d'intégration et de déploiement continu CICD ainsi que la gestion des infrastructures cloud",société;filiale;entreprise;français;spécialiser;dansladigital;data;an;recrute;unresponsabl;développeur;full;stackafin;renforcer;équipe;it;société;offrir;clientèle;moyenne;grand;entreprise;prestation;service;informatique;culture;dentreprise;orienter;lengagement;travail;déquip;respect;possibilité;sépanouir;progresser;mission;direction;technique;architectureconception;architecture;définir;structure;global;application;choix;framework;base;donnée;micro;service;garantir;scalabilité;performance;veille;technologique;identifier;nouveau;outil;langage;pertinent;moderniser;stack;technique;entreprise;garer;qualité;mettre;place;norme;codage;superviser;revue;code;code;review;assurer;respect;bon;pratique;sécurité;résolution;problème;complexe;intervenir;expert;bug;critique;défi;technique;équipe;parvenir;résoudre;management;mentorat;encadrement;équipe;guider;motiver;développeur;full;stack;junior;senior;travail;quotidien;monter;compétence;assurer;mentorat;membre;équipe;aider;progresser;front;end;back;end;devop;recrutement;participer;évaluation;technique;candidat;renforcer;équipe;développement;gestion;projet;coordination;planification;technique;estimer;charge;travail;découper;projet;tâche;sprint;avancement;développement;interfacer;party;prenant;traduire;besoin;fonctionnel;client;product;owner;spécification;technique;réalisable;méthodologie;agile;garantir;application;méthode;travail;scrum;kanban;assurer;livraison;régulier;qualité;développement;opérationneldéveloppement;critique;déléguer;beaucoup;responsable;continuer;coder;party;sensible;structurant;application;automatisation;devops;superviser;mise;place;pipeline;intégration;déploiement;continu;cicd;gestion;infrastructure;cloud
https://www.emploi.ma/offre-emploi-maroc/lead-developpeur-java-jee-hf-8338274,Lead Développeur Java JEE (H/F),AFRICASHORE,2026-04-13,Agadir - Béni Mellal-Khénifra - Casablanca-Mohammedia - Dakhla - Errachidia - Fès - Guelmim - Laâyoune - Marrakech-Safi - Meknès - Oujda - Rabat-Salé-Kénitra - Settat - Tanger-Tétouan-Al Hoceïma - International,"MAVEN, UML, AGILE, SPRING, JENKINS, HIBERNATE, JAVA JEE, HTML, JAVASCRIPT, JUNIT, ECLIPSE, CSS, JAVA","Nous recherchons unLead Développeur Java JEE HFpour notre client, une société multinationale dans le domaine des services informatiques.Poste Mission :Intégré-e dans la Direction RD au sein du service dArchitecture Technique des équipes de Développement, en charge de domaines techniques précis, votre périmètre comprend.Conception et développements techniques sur des technologies javaJEE ;Evolution et maintenance du Framework du progiciel ;Instruction et débogage des problèmes techniques avancés ;Participation au chiffrage et à la conception des composants techniques ;Support niveau 3 aux développeurs métier sur leurs questions liées au Framework ;Instruction des problèmes de performances JavaBase de donnéesréseau ;Participation à la démarche qualité ;Réalisation de prototypes.Votre parcours dintégration débutera par une formation à notre solution et aux métiers de lassurance.",rechercher;unlead;développeur;java;jee;hfpour;client;société;multinational;domaine;service;informatique;poste;mission;intégré;e;direction;rd;sein;service;darchitecture;technique;équipe;développement;charge;domaine;technique;précis;périmètre;comprendre;conception;développement;technique;technologie;javaje;evolution;maintenance;framework;progiciel;instruction;débogage;problème;technique;avancer;participation;chiffrage;conception;composant;technique;support;niveau;développeur;métier;question;lier;framework;instruction;problème;performance;javabase;donnéesréseau;participation;démarche;qualité;réalisation;prototype;parcour;dintégration;débuter;formation;solution;métier;lassurance
https://www.emploi.ma/offre-emploi-maroc/technicien-it-help-desk-casablanca-9260419,Technicien IT Help Desk - Casablanca,TECTRA,2026-03-10,Casablanca-Mohammedia,TCP IP,"Nous sommes à la recherche d'unTechnicien IT Help Desk.Missions :Assurer le support technique aux utilisateurs à distance et sur site.Installer, configurer et maintenir le matériel informatique.Diagnostiquer et résoudre les incidents matériels et logiciels.Gérer et suivre les tickets dassistance.Veiller à la satisfaction des utilisateurs.",être;recherche;untechnicien;it;help;desk;mission;assurer;support;technique;utilisateur;distance;site;installer;configurer;maintenir;matériel;informatique;diagnostiquer;résoudre;incident;matériel;logiciel;gérer;ticket;dassistance;veiller;satisfaction;utilisateur
